Model,TOPSIS Score,Rank
GPT-4,0.8345516928945771,1
PaLM 2,0.7041179060341024,2
Claude,0.5458364245829657,3
Mistral,0.3078946993935984,4
LLaMA 2,0.17393392788678227,5
